{
  "users": [
    {
      "title": "Cupio coma creator. Totidem explicabo auxilium custodia. Adsidue utique patior averto.",
      "id": "7eaf"
    },
    {
      "id": "75fa",
      "title": "Abduco tabgo umerus capio benigne vester viscus stultus. Advenio sopor degusto. Antea temptatio subito suscipit capitulus depono vilicus."
    },
    {
      "id": "3b75",
      "title": "Defluo crebro chirographum tamdiu ventosus beatae aperiam creptio subnecto adficio. Temeritas accedo thesis pecco vulticulus tenuis voluptatum. Acerbitas spes suadeo eveniet undique."
    },
    {
      "id": "0cf1",
      "title": "Illum corporis conventus absque adulescens voveo. Considero a adulescens coerceo cervus arcus vulgus. Acer tredecim rem tolero."
    }
  ]
}